assessment_name,question_label,assessment_regex,question_regex
PHQ-9,Total Score,PHQ.?9,"total|sum|overall|composite"
PHQ-9,Q1: Little interest or pleasure,PHQ.?9,"little interest|pleasure|anhedonia|Q.?1\y|item.?1\y|question.?1\y"
PHQ-9,Q2: Feeling down/depressed/hopeless,PHQ.?9,"feeling down|depressed|hopeless|Q.?2\y|item.?2\y|question.?2\y"
PHQ-9,Q3: Trouble sleeping,PHQ.?9,"sleep|insomnia|Q.?3\y|item.?3\y|question.?3\y"
PHQ-9,Q4: Feeling tired/little energy,PHQ.?9,"tired|energy|fatigue|Q.?4\y|item.?4\y|question.?4\y"
PHQ-9,Q5: Poor appetite or overeating,PHQ.?9,"appetite|overeating|Q.?5\y|item.?5\y|question.?5\y"
PHQ-9,Q6: Feeling bad about yourself,PHQ.?9,"feeling bad|failure|let.*down|self.?worth|Q.?6\y|item.?6\y|question.?6\y"
PHQ-9,Q7: Trouble concentrating,PHQ.?9,"concentrat|newspaper|television|Q.?7\y|item.?7\y|question.?7\y"
PHQ-9,Q8: Psychomotor changes,PHQ.?9,"moving.*slowly|speaking.*slowly|fidgety|restless|psychomotor|Q.?8\y|item.?8\y|question.?8\y"
PHQ-9,Q9: Thoughts of self-harm/death,PHQ.?9,"better off dead|hurting yourself|self.?harm|suicid|Q.?9\y|item.?9\y|question.?9\y"
PHQ-2,Total Score,PHQ.?2,"total|sum|overall|composite"
PHQ-2,Q1: Little interest or pleasure,PHQ.?2,"little interest|pleasure|anhedonia|Q.?1\y|item.?1\y|question.?1\y"
PHQ-2,Q2: Feeling down/depressed/hopeless,PHQ.?2,"feeling down|depressed|hopeless|Q.?2\y|item.?2\y|question.?2\y"
GAD-7,Total Score,GAD.?7,"total|sum|overall|composite"
GAD-7,Q1: Feeling nervous/anxious/on edge,GAD.?7,"nervous|anxious|on edge|Q.?1\y|item.?1\y|question.?1\y"
GAD-7,Q2: Cannot stop or control worrying,GAD.?7,"stop.*worry|control.*worry|Q.?2\y|item.?2\y|question.?2\y"
GAD-7,Q3: Worrying too much,GAD.?7,"worrying too much|different things|Q.?3\y|item.?3\y|question.?3\y"
GAD-7,Q4: Trouble relaxing,GAD.?7,"trouble relax|relaxing|Q.?4\y|item.?4\y|question.?4\y"
GAD-7,Q5: Being so restless,GAD.?7,"restless|hard to sit|Q.?5\y|item.?5\y|question.?5\y"
GAD-7,Q6: Easily annoyed or irritable,GAD.?7,"annoyed|irritable|Q.?6\y|item.?6\y|question.?6\y"
GAD-7,Q7: Feeling afraid,GAD.?7,"afraid|something awful|Q.?7\y|item.?7\y|question.?7\y"
PC-PTSD-5,Total Score,PC.?PTSD.?5,"total|sum|overall|composite"
PC-PTSD-5,Q1: Nightmares/unwanted thoughts,PC.?PTSD.?5,"nightmare|thought.*event|Q.?1\y|item.?1\y"
PC-PTSD-5,Q2: Avoidance,PC.?PTSD.?5,"avoid|tried hard not to think|Q.?2\y|item.?2\y"
PC-PTSD-5,Q3: On guard/watchful/startled,PC.?PTSD.?5,"guard|watchful|startled|Q.?3\y|item.?3\y"
PC-PTSD-5,Q4: Numb/detached,PC.?PTSD.?5,"numb|detach|Q.?4\y|item.?4\y"
PC-PTSD-5,Q5: Guilt/blame,PC.?PTSD.?5,"guilt|blam|Q.?5\y|item.?5\y"
AUDIT-C,Total Score,AUDIT.?C,"total|sum|overall|composite"
AUDIT-C,Q1: How often drink alcohol,AUDIT.?C,"how often.*drink|frequency|Q.?1\y|item.?1\y|question.?1\y"
AUDIT-C,Q2: Drinks on typical day,AUDIT.?C,"how many.*drink|typical day|quantity|Q.?2\y|item.?2\y|question.?2\y"
AUDIT-C,"Q3: Six or more drinks on one occasion",AUDIT.?C,"six or more|6 or more|binge|heavy.*drink|Q.?3\y|item.?3\y|question.?3\y"
C-SSRS,Q1: Wish to be dead,"C.?SSRS|columbia.*suicid","wish.*dead|Q.?1\y|item.?1\y|question.?1\y"
C-SSRS,Q2: Non-specific suicidal thoughts,"C.?SSRS|columbia.*suicid","non.?specific|active.*suicidal thought|Q.?2\y|item.?2\y|question.?2\y"
C-SSRS,"Q3: Suicidal ideation with methods (no plan)","C.?SSRS|columbia.*suicid","method.*without|any method|Q.?3\y|item.?3\y|question.?3\y"
C-SSRS,Q4: Suicidal ideation with some intent,"C.?SSRS|columbia.*suicid","some intent|intent.*without.*plan|Q.?4\y|item.?4\y|question.?4\y"
C-SSRS,Q5: Suicidal ideation with plan and intent,"C.?SSRS|columbia.*suicid","specific plan|plan.*intent|Q.?5\y|item.?5\y|question.?5\y"
C-SSRS,Q6: Preparatory acts or behavior,"C.?SSRS|columbia.*suicid","preparat|Q.?6\y|item.?6\y|question.?6\y"
C-SSRS,Intensity: Frequency,"C.?SSRS|columbia.*suicid",frequency
C-SSRS,Intensity: Duration,"C.?SSRS|columbia.*suicid",duration
C-SSRS,Intensity: Controllability,"C.?SSRS|columbia.*suicid",controllabil
C-SSRS,Intensity: Deterrents,"C.?SSRS|columbia.*suicid",deterrent
C-SSRS,Intensity: Reasons,"C.?SSRS|columbia.*suicid",reason
C-SSRS,Suicidal Behavior,"C.?SSRS|columbia.*suicid","suicidal behav|actual attempt|interrupted|aborted|self.?injur"
C-SSRS,Lethality,"C.?SSRS|columbia.*suicid","lethality|medical damage"
PSS-3,Q1: Wished you were dead / not wake up,"PSS.?3|patient safety screener","wish.*dead|not wake up|Q.?1\y|item.?1\y"
PSS-3,Q2: Thoughts of killing yourself,"PSS.?3|patient safety screener","thought.*killing|killing yourself|Q.?2\y|item.?2\y"
PSS-3,Q3: Lifetime suicide attempt,"PSS.?3|patient safety screener","whole life|tried to kill|suicide attempt|lifetime|Q.?3\y|item.?3\y"
PCL-5,Total Score,PCL.?5,"total|sum|overall|composite"
PCL-5,Q1: Disturbing memories,PCL.?5,"disturbing.*memor|unwanted.*memor|repeated.*memor|Q.?1\y|item.?1\y"
PCL-5,Q2: Disturbing dreams,PCL.?5,"disturbing.*dream|repeated.*dream|nightmare|Q.?2\y|item.?2\y"
PCL-5,Q3: Reliving/flashbacks,PCL.?5,"flashback|reliv|as if.*happening again|Q.?3\y|item.?3\y"
PCL-5,Q4: Upset when reminded,PCL.?5,"upset.*remind|very upset|Q.?4\y|item.?4\y"
PCL-5,Q5: Physical reactions when reminded,PCL.?5,"physical react|heart pound|trouble breathing|sweating|Q.?5\y|item.?5\y"
PCL-5,Q6: Avoiding thoughts/feelings,PCL.?5,"avoid.*thought|avoid.*feeling|avoid.*memor|Q.?6\y|item.?6\y"
PCL-5,Q7: Avoiding external reminders,PCL.?5,"avoid.*external|avoid.*activit|avoid.*place|avoid.*people|avoid.*situation|Q.?7\y|item.?7\y"
PCL-5,Q8: Trouble remembering important parts,PCL.?5,"trouble rememb|important part|Q.?8\y|item.?8\y"
PCL-5,Q9: Strong negative beliefs,PCL.?5,"negative belief|no one can be trusted|it.?s all my fault|Q.?9\y|item.?9\y"
PCL-5,Q10: Blaming self or others,PCL.?5,"blaming|blame.*self|blame.*other|Q.?10\y|item.?10\y"
PCL-5,Q11: Strong negative feelings,PCL.?5,"negative feeling|fear|horror|anger|guilt|shame|Q.?11\y|item.?11\y"
PCL-5,Q12: Loss of interest in activities,PCL.?5,"loss.*interest|Q.?12\y|item.?12\y"
PCL-5,Q13: Feeling distant or cut off,PCL.?5,"distant|cut off|Q.?13\y|item.?13\y"
PCL-5,Q14: Trouble experiencing positive feelings,PCL.?5,"positive feeling|unable.*feel|Q.?14\y|item.?14\y"
PCL-5,Q15: Irritable/angry/aggressive,PCL.?5,"irritabl|angry|aggressiv|Q.?15\y|item.?15\y"
PCL-5,Q16: Taking too many risks,PCL.?5,"risk|reckless|self.?destruct|Q.?16\y|item.?16\y"
PCL-5,Q17: Superalert/watchful/on guard,PCL.?5,"superalert|watchful|on guard|hypervigilant|Q.?17\y|item.?17\y"
PCL-5,Q18: Jumpy or easily startled,PCL.?5,"jumpy|startled|Q.?18\y|item.?18\y"
PCL-5,Q19: Difficulty concentrating,PCL.?5,"concentrat|Q.?19\y|item.?19\y"
PCL-5,Q20: Trouble falling/staying asleep,PCL.?5,"sleep|Q.?20\y|item.?20\y"
EPDS,Total Score,"\yEPDS\y|edinburgh.*(postnatal|postpartum)","total|sum|overall|composite"
EPDS,Q1: Able to laugh/see funny side,"\yEPDS\y|edinburgh.*(postnatal|postpartum)","laugh|funny side|Q.?1\y|item.?1\y"
EPDS,Q2: Looked forward with enjoyment,"\yEPDS\y|edinburgh.*(postnatal|postpartum)","looked forward|enjoyment|Q.?2\y|item.?2\y"
EPDS,Q3: Blamed myself unnecessarily,"\yEPDS\y|edinburgh.*(postnatal|postpartum)","blamed myself|unnecessarily|Q.?3\y|item.?3\y"
EPDS,Q4: Anxious or worried for no reason,"\yEPDS\y|edinburgh.*(postnatal|postpartum)","anxious|worried.*no.*reason|Q.?4\y|item.?4\y"
EPDS,Q5: Scared or panicky,"\yEPDS\y|edinburgh.*(postnatal|postpartum)","scared|panicky|Q.?5\y|item.?5\y"
EPDS,Q6: Things getting on top of me,"\yEPDS\y|edinburgh.*(postnatal|postpartum)","getting on top|Q.?6\y|item.?6\y"
EPDS,Q7: So unhappy/difficulty sleeping,"\yEPDS\y|edinburgh.*(postnatal|postpartum)","unhappy.*sleep|difficulty sleep|Q.?7\y|item.?7\y"
EPDS,Q8: Felt sad or miserable,"\yEPDS\y|edinburgh.*(postnatal|postpartum)","sad|miserable|Q.?8\y|item.?8\y"
EPDS,Q9: So unhappy/been crying,"\yEPDS\y|edinburgh.*(postnatal|postpartum)","crying|Q.?9\y|item.?9\y"
EPDS,Q10: Thought of harming myself,"\yEPDS\y|edinburgh.*(postnatal|postpartum)","harming myself|self.?harm|Q.?10\y|item.?10\y"
CES-D,Total Score,CES.?D,"total|sum|overall|composite"
CES-D,Q1: Bothered by things,CES.?D,"bothered|Q.?1\y|item.?1\y"
CES-D,Q2: Poor appetite,CES.?D,"appetite|Q.?2\y|item.?2\y"
CES-D,Q3: Could not shake off the blues,CES.?D,"shake off|blues|Q.?3\y|item.?3\y"
CES-D,Q4: Felt just as good as others,CES.?D,"just as good|Q.?4\y|item.?4\y"
CES-D,Q5: Trouble keeping mind on tasks,CES.?D,"trouble keep.*mind|Q.?5\y|item.?5\y"
CES-D,Q6: Felt depressed,CES.?D,"felt depressed|Q.?6\y|item.?6\y"
CES-D,Q7: Everything was an effort,CES.?D,"effort|Q.?7\y|item.?7\y"
CES-D,Q8: Felt hopeful about the future,CES.?D,"hopeful|future|Q.?8\y|item.?8\y"
CES-D,Q9: Life had been a failure,CES.?D,"life.*failure|Q.?9\y|item.?9\y"
CES-D,Q10: Felt fearful,CES.?D,"fearful|Q.?10\y|item.?10\y"
CES-D,Q11: Restless sleep,CES.?D,"restless.*sleep|sleep.*restless|Q.?11\y|item.?11\y"
CES-D,Q12: Was happy,CES.?D,"was happy|i was happy|Q.?12\y|item.?12\y"
CES-D,Q13: Talked less than usual,CES.?D,"talked less|Q.?13\y|item.?13\y"
CES-D,Q14: Felt lonely,CES.?D,"lonely|Q.?14\y|item.?14\y"
CES-D,Q15: People were unfriendly,CES.?D,"unfriendly|Q.?15\y|item.?15\y"
CES-D,Q16: Enjoyed life,CES.?D,"enjoyed life|Q.?16\y|item.?16\y"
CES-D,Q17: Had crying spells,CES.?D,"crying spell|Q.?17\y|item.?17\y"
CES-D,Q18: Felt sad,CES.?D,"felt sad|Q.?18\y|item.?18\y"
CES-D,Q19: Felt people dislike me,CES.?D,"dislike me|Q.?19\y|item.?19\y"
CES-D,Q20: Could not get going,CES.?D,"could not get|get going|Q.?20\y|item.?20\y"
DASS-21,Total Score,DASS.?21,"total|sum|overall|composite"
DASS-21,Depression Subscale,DASS.?21,"depression.*sub|depression.*scale|subscale.*depress"
DASS-21,Anxiety Subscale,DASS.?21,"anxiety.*sub|anxiety.*scale|subscale.*anxiety"
DASS-21,Stress Subscale,DASS.?21,"stress.*sub|stress.*scale|subscale.*stress"
DASS-21,S1: Hard to wind down,DASS.?21,"wind down|Q.?1\y|item.?1\y"
DASS-21,A2: Dryness of mouth,DASS.?21,"dryness.*mouth|dry mouth|Q.?2\y|item.?2\y"
DASS-21,D3: No positive feeling,DASS.?21,"positive feeling|Q.?3\y|item.?3\y"
DASS-21,A4: Breathing difficulty,DASS.?21,"breathing difficult|Q.?4\y|item.?4\y"
DASS-21,D5: Difficult to work up initiative,DASS.?21,"initiative|Q.?5\y|item.?5\y"
DASS-21,S6: Tend to over-react,DASS.?21,"over.?react|Q.?6\y|item.?6\y"
DASS-21,A7: Trembling,DASS.?21,"trembling|Q.?7\y|item.?7\y"
DASS-21,S8: Using a lot of nervous energy,DASS.?21,"nervous energy|Q.?8\y|item.?8\y"
DASS-21,A9: Worried about panic,DASS.?21,"panic|Q.?9\y|item.?9\y"
DASS-21,D10: Nothing to look forward to,DASS.?21,"nothing to look forward|Q.?10\y|item.?10\y"
DASS-21,S11: Getting agitated,DASS.?21,"agitated|Q.?11\y|item.?11\y"
DASS-21,S12: Difficult to relax,DASS.?21,"difficult to relax|Q.?12\y|item.?12\y"
DASS-21,D13: Down-hearted and blue,DASS.?21,"down.?hearted|blue|Q.?13\y|item.?13\y"
DASS-21,S14: Intolerant of anything,DASS.?21,"intolerant|Q.?14\y|item.?14\y"
DASS-21,A15: Close to panic,DASS.?21,"close to panic|Q.?15\y|item.?15\y"
DASS-21,D16: Unable to become enthusiastic,DASS.?21,"enthusiastic|Q.?16\y|item.?16\y"
DASS-21,D17: Not worth much as a person,DASS.?21,"worth much|Q.?17\y|item.?17\y"
DASS-21,S18: Rather touchy,DASS.?21,"touchy|Q.?18\y|item.?18\y"
DASS-21,A19: Action of my heart,DASS.?21,"action.*heart|heart.*action|Q.?19\y|item.?19\y"
DASS-21,A20: Scared without good reason,DASS.?21,"scared without|Q.?20\y|item.?20\y"
DASS-21,D21: Life was meaningless,DASS.?21,"meaningless|Q.?21\y|item.?21\y"
PANSS,Total Score,\yPANSS\y,"total|sum|overall|composite"
PANSS,Positive Subscale Total,\yPANSS\y,"positive.*sub|positive.*total|positive.*scale"
PANSS,Negative Subscale Total,\yPANSS\y,"negative.*sub|negative.*total|negative.*scale"
PANSS,General Subscale Total,\yPANSS\y,"general.*sub|general.*total|general.*scale"
PANSS,P1: Delusions,\yPANSS\y,"delusion|P.?1\y"
PANSS,P2: Conceptual disorganization,\yPANSS\y,"conceptual disorg|P.?2\y"
PANSS,P3: Hallucinatory behavior,\yPANSS\y,"hallucinat|P.?3\y"
PANSS,P4: Excitement,\yPANSS\y,"excitement|P.?4\y"
PANSS,P5: Grandiosity,\yPANSS\y,"grandiosity|P.?5\y"
PANSS,P6: Suspiciousness/persecution,\yPANSS\y,"suspicious|persecution|P.?6\y"
PANSS,P7: Hostility,\yPANSS\y,"hostility|P.?7\y"
PANSS,N1: Blunted affect,\yPANSS\y,"blunted affect|N.?1\y"
PANSS,N2: Emotional withdrawal,\yPANSS\y,"emotional withdrawal|N.?2\y"
PANSS,N3: Poor rapport,\yPANSS\y,"poor rapport|N.?3\y"
PANSS,N4: Passive/apathetic social withdrawal,\yPANSS\y,"passive.*social|apathetic.*social|social withdrawal|N.?4\y"
PANSS,N5: Difficulty in abstract thinking,\yPANSS\y,"abstract think|N.?5\y"
PANSS,N6: Lack of spontaneity/flow of conversation,\yPANSS\y,"spontaneity|flow of conversation|N.?6\y"
PANSS,N7: Stereotyped thinking,\yPANSS\y,"stereotyped think|N.?7\y"
PANSS,G1: Somatic concern,\yPANSS\y,"somatic concern|G.?1\y"
PANSS,G2: Anxiety,\yPANSS\y,"anxiety|G.?2\y"
PANSS,G3: Guilt feelings,\yPANSS\y,"guilt|G.?3\y"
PANSS,G4: Tension,\yPANSS\y,"tension|G.?4\y"
PANSS,G5: Mannerisms and posturing,\yPANSS\y,"mannerism|posturing|G.?5\y"
PANSS,G6: Depression,\yPANSS\y,"depression|G.?6\y"
PANSS,G7: Motor retardation,\yPANSS\y,"motor retardation|G.?7\y"
PANSS,G8: Uncooperativeness,\yPANSS\y,"uncooperati|G.?8\y"
PANSS,G9: Unusual thought content,\yPANSS\y,"unusual thought|G.?9\y"
PANSS,G10: Disorientation,\yPANSS\y,"disorientation|G.?10\y"
PANSS,G11: Poor attention,\yPANSS\y,"poor attention|G.?11\y"
PANSS,G12: Lack of judgment and insight,\yPANSS\y,"judgment.*insight|lack of judgment|G.?12\y"
PANSS,G13: Disturbance of volition,\yPANSS\y,"volition|G.?13\y"
PANSS,G14: Poor impulse control,\yPANSS\y,"impulse control|G.?14\y"
PANSS,G15: Preoccupation,\yPANSS\y,"preoccupation|G.?15\y"
PANSS,G16: Active social avoidance,\yPANSS\y,"active social avoid|G.?16\y"
BPRS,Total Score,\yBPRS\y,"total|sum|overall|composite"
BPRS,1: Somatic concern,\yBPRS\y,"somatic|Q.?1\y|item.?1\y"
BPRS,2: Anxiety,\yBPRS\y,"\yanxiety\y|Q.?2\y|item.?2\y"
BPRS,3: Emotional withdrawal,\yBPRS\y,"emotional withdrawal|Q.?3\y|item.?3\y"
BPRS,4: Conceptual disorganization,\yBPRS\y,"conceptual disorg|Q.?4\y|item.?4\y"
BPRS,5: Guilt feelings,\yBPRS\y,"guilt|Q.?5\y|item.?5\y"
BPRS,6: Tension,\yBPRS\y,"tension|Q.?6\y|item.?6\y"
BPRS,7: Mannerisms and posturing,\yBPRS\y,"mannerism|posturing|Q.?7\y|item.?7\y"
BPRS,8: Grandiosity,\yBPRS\y,"grandiosity|Q.?8\y|item.?8\y"
BPRS,9: Depressive mood,\yBPRS\y,"depress|Q.?9\y|item.?9\y"
BPRS,10: Hostility,\yBPRS\y,"hostility|Q.?10\y|item.?10\y"
BPRS,11: Suspiciousness,\yBPRS\y,"suspicious|Q.?11\y|item.?11\y"
BPRS,12: Hallucinatory behavior,\yBPRS\y,"hallucinat|Q.?12\y|item.?12\y"
BPRS,13: Motor retardation,\yBPRS\y,"motor retardation|Q.?13\y|item.?13\y"
BPRS,14: Uncooperativeness,\yBPRS\y,"uncooperati|Q.?14\y|item.?14\y"
BPRS,15: Unusual thought content,\yBPRS\y,"unusual thought|Q.?15\y|item.?15\y"
BPRS,16: Blunted affect,\yBPRS\y,"blunted affect|Q.?16\y|item.?16\y"
BPRS,17: Excitement,\yBPRS\y,"excitement|Q.?17\y|item.?17\y"
BPRS,18: Disorientation,\yBPRS\y,"disorientation|Q.?18\y|item.?18\y"
BPRS-E,Total Score,BPRS.?E,"total|sum|overall|composite"
BPRS-E,1: Somatic concern,BPRS.?E,"somatic|Q.?1\y|item.?1\y"
BPRS-E,2: Anxiety,BPRS.?E,"\yanxiety\y|Q.?2\y|item.?2\y"
BPRS-E,3: Emotional withdrawal,BPRS.?E,"emotional withdrawal|Q.?3\y|item.?3\y"
BPRS-E,4: Conceptual disorganization,BPRS.?E,"conceptual disorg|Q.?4\y|item.?4\y"
BPRS-E,5: Guilt feelings,BPRS.?E,"guilt|Q.?5\y|item.?5\y"
BPRS-E,6: Tension,BPRS.?E,"tension|Q.?6\y|item.?6\y"
BPRS-E,7: Mannerisms and posturing,BPRS.?E,"mannerism|posturing|Q.?7\y|item.?7\y"
BPRS-E,8: Grandiosity,BPRS.?E,"grandiosity|Q.?8\y|item.?8\y"
BPRS-E,9: Depressive mood,BPRS.?E,"depress|Q.?9\y|item.?9\y"
BPRS-E,10: Hostility,BPRS.?E,"hostility|Q.?10\y|item.?10\y"
BPRS-E,11: Suspiciousness,BPRS.?E,"suspicious|Q.?11\y|item.?11\y"
BPRS-E,12: Hallucinatory behavior,BPRS.?E,"hallucinat|Q.?12\y|item.?12\y"
BPRS-E,13: Motor retardation,BPRS.?E,"motor retardation|Q.?13\y|item.?13\y"
BPRS-E,14: Uncooperativeness,BPRS.?E,"uncooperati|Q.?14\y|item.?14\y"
BPRS-E,15: Unusual thought content,BPRS.?E,"unusual thought|Q.?15\y|item.?15\y"
BPRS-E,16: Blunted affect,BPRS.?E,"blunted affect|Q.?16\y|item.?16\y"
BPRS-E,17: Excitement,BPRS.?E,"excitement|Q.?17\y|item.?17\y"
BPRS-E,18: Disorientation,BPRS.?E,"disorientation|Q.?18\y|item.?18\y"
BPRS-E,19: Suicidality,BPRS.?E,"suicidal|Q.?19\y|item.?19\y"
BPRS-E,20: Self-neglect,BPRS.?E,"self.?neglect|Q.?20\y|item.?20\y"
BPRS-E,21: Bizarre behavior,BPRS.?E,"bizarre behav|Q.?21\y|item.?21\y"
BPRS-E,22: Elevated mood,BPRS.?E,"elevated mood|elation|Q.?22\y|item.?22\y"
BPRS-E,23: Motor hyperactivity,BPRS.?E,"motor hyperactiv|Q.?23\y|item.?23\y"
BPRS-E,24: Distractibility,BPRS.?E,"distractibil|Q.?24\y|item.?24\y"
BPRS-C,Total Score,BPRS.?C,"total|sum|overall|composite"
BPRS-C,1: Somatic concern,BPRS.?C,"somatic|Q.?1\y|item.?1\y"
BPRS-C,2: Anxiety,BPRS.?C,"\yanxiety\y|Q.?2\y|item.?2\y"
BPRS-C,3: Emotional withdrawal,BPRS.?C,"emotional withdrawal|Q.?3\y|item.?3\y"
BPRS-C,4: Conceptual disorganization,BPRS.?C,"conceptual disorg|Q.?4\y|item.?4\y"
BPRS-C,5: Guilt feelings,BPRS.?C,"guilt|Q.?5\y|item.?5\y"
BPRS-C,6: Tension,BPRS.?C,"tension|Q.?6\y|item.?6\y"
BPRS-C,7: Mannerisms and posturing,BPRS.?C,"mannerism|posturing|Q.?7\y|item.?7\y"
BPRS-C,8: Grandiosity,BPRS.?C,"grandiosity|Q.?8\y|item.?8\y"
BPRS-C,9: Depressive mood,BPRS.?C,"depress|Q.?9\y|item.?9\y"
BPRS-C,10: Hostility,BPRS.?C,"hostility|Q.?10\y|item.?10\y"
BPRS-C,11: Suspiciousness,BPRS.?C,"suspicious|Q.?11\y|item.?11\y"
BPRS-C,12: Hallucinatory behavior,BPRS.?C,"hallucinat|Q.?12\y|item.?12\y"
BPRS-C,13: Motor retardation,BPRS.?C,"motor retardation|Q.?13\y|item.?13\y"
BPRS-C,14: Uncooperativeness,BPRS.?C,"uncooperati|Q.?14\y|item.?14\y"
BPRS-C,15: Unusual thought content,BPRS.?C,"unusual thought|Q.?15\y|item.?15\y"
BPRS-C,16: Blunted affect,BPRS.?C,"blunted affect|Q.?16\y|item.?16\y"
BPRS-C,17: Excitement,BPRS.?C,"excitement|Q.?17\y|item.?17\y"
BPRS-C,18: Disorientation,BPRS.?C,"disorientation|Q.?18\y|item.?18\y"
BPRS-C,19: Suicidality,BPRS.?C,"suicidal|Q.?19\y|item.?19\y"
BPRS-C,20: Self-mutilation,BPRS.?C,"self.?mutilat|Q.?20\y|item.?20\y"
BPRS-C,21: Distractibility,BPRS.?C,"distractibil|Q.?21\y|item.?21\y"
AIMS,Total Score,"\yAIMS\y|abnormal involuntary movement","total|sum|overall|composite"
AIMS,1: Muscles of facial expression,"\yAIMS\y|abnormal involuntary movement","facial express|Q.?1\y|item.?1\y"
AIMS,2: Lips and perioral area,"\yAIMS\y|abnormal involuntary movement","lips|perioral|Q.?2\y|item.?2\y"
AIMS,3: Jaw,"\yAIMS\y|abnormal involuntary movement","jaw|Q.?3\y|item.?3\y"
AIMS,4: Tongue,"\yAIMS\y|abnormal involuntary movement","tongue|Q.?4\y|item.?4\y"
AIMS,5: Upper extremities,"\yAIMS\y|abnormal involuntary movement","upper extrem|arms|wrists|hands|fingers|Q.?5\y|item.?5\y"
AIMS,6: Lower extremities,"\yAIMS\y|abnormal involuntary movement","lower extrem|legs|knees|ankles|toes|Q.?6\y|item.?6\y"
AIMS,7: Trunk movements,"\yAIMS\y|abnormal involuntary movement","trunk|Q.?7\y|item.?7\y"
AIMS,8: Severity of abnormal movements,"\yAIMS\y|abnormal involuntary movement","severity|Q.?8\y|item.?8\y"
AIMS,9: Incapacitation,"\yAIMS\y|abnormal involuntary movement","incapacitat|Q.?9\y|item.?9\y"
AIMS,10: Patient awareness of movements,"\yAIMS\y|abnormal involuntary movement","awareness|Q.?10\y|item.?10\y"
AIMS,11: Teeth/dentures problems,"\yAIMS\y|abnormal involuntary movement","teeth|denture|Q.?11\y|item.?11\y"
AIMS,12: Movements usually worse,"\yAIMS\y|abnormal involuntary movement","usually worse|Q.?12\y|item.?12\y"
MMSE,Total Score,"\yMMSE\y|mini.?mental.?stat","total|sum|overall|composite"
MMSE,Orientation to Time,"\yMMSE\y|mini.?mental.?stat","orientation.*time|what year|what season|what date|what day|what month"
MMSE,Orientation to Place,"\yMMSE\y|mini.?mental.?stat","orientation.*place|what state|what county|what town|what hospital|what floor"
MMSE,Registration,"\yMMSE\y|mini.?mental.?stat","registration|name.*three.*object"
MMSE,Attention and Calculation,"\yMMSE\y|mini.?mental.?stat","attention|calculation|serial 7|spell.*world"
MMSE,Recall,"\yMMSE\y|mini.?mental.?stat","recall|three.*object"
MMSE,Naming,"\yMMSE\y|mini.?mental.?stat","naming|pencil|watch"
MMSE,Repetition,"\yMMSE\y|mini.?mental.?stat","repetition|no ifs.*ands.*buts"
MMSE,Comprehension,"\yMMSE\y|mini.?mental.?stat","comprehension|three.?stage|take.*paper"
MMSE,Reading,"\yMMSE\y|mini.?mental.?stat","reading|close your eyes"
MMSE,Writing,"\yMMSE\y|mini.?mental.?stat","writing|write.*sentence"
MMSE,Drawing/Copying,"\yMMSE\y|mini.?mental.?stat","drawing|copy|pentagon|intersect"
MOCA,Total Score,"\yMOCA\y|montreal.*cognitive","total|sum|overall|composite"
MOCA,Visuospatial/Executive,"\yMOCA\y|montreal.*cognitive","visuospatial|executive|trail.*making|cube.*copy|clock.*draw"
MOCA,Naming,"\yMOCA\y|montreal.*cognitive","naming|lion|rhinoceros|camel"
MOCA,Attention,"\yMOCA\y|montreal.*cognitive","attention|digit.*span|letter.*tap|serial.*7"
MOCA,Language,"\yMOCA\y|montreal.*cognitive","language|sentence.*repet|verbal.*fluency"
MOCA,Abstraction,"\yMOCA\y|montreal.*cognitive",abstraction
MOCA,Delayed Recall,"\yMOCA\y|montreal.*cognitive","delayed.*recall|memory"
MOCA,Orientation,"\yMOCA\y|montreal.*cognitive","orientation|date|place|city"
MiniCog,Total Score,mini.?cog,"total|sum|overall|composite"
MiniCog,Word Registration,mini.?cog,"registration|word.*reg"
MiniCog,Clock Drawing,mini.?cog,"clock|CDT"
MiniCog,Word Recall,mini.?cog,"recall|word.*rec"
ESS,Total Score,epworth.*sleepiness,"total|sum|overall|composite"
ESS,Q1: Sitting and reading,epworth.*sleepiness,"sitting.*reading|Q.?1\y|item.?1\y"
ESS,Q2: Watching TV,epworth.*sleepiness,"watching.*TV|television|Q.?2\y|item.?2\y"
ESS,Q3: Sitting inactive in public place,epworth.*sleepiness,"inactive.*public|public place|Q.?3\y|item.?3\y"
ESS,Q4: Passenger in car for an hour,epworth.*sleepiness,"passenger.*car|Q.?4\y|item.?4\y"
ESS,Q5: Lying down to rest in afternoon,epworth.*sleepiness,"lying down|afternoon|Q.?5\y|item.?5\y"
ESS,Q6: Sitting and talking to someone,epworth.*sleepiness,"sitting.*talking|Q.?6\y|item.?6\y"
ESS,Q7: Sitting quietly after lunch,epworth.*sleepiness,"after.*lunch|quietly.*lunch|Q.?7\y|item.?7\y"
ESS,Q8: In car stopped in traffic,epworth.*sleepiness,"car.*traffic|stopped.*traffic|Q.?8\y|item.?8\y"
QIDS,Total Score,\yQIDS\y,"total|sum|overall|composite"
QIDS,Q1: Sleep onset insomnia,\yQIDS\y,"sleep onset|falling asleep|Q.?1\y|item.?1\y"
QIDS,Q2: Mid-nocturnal insomnia,\yQIDS\y,"mid.?nocturnal|during the night|waking.*night|Q.?2\y|item.?2\y"
QIDS,Q3: Early morning insomnia,\yQIDS\y,"early morning|waking.*early|Q.?3\y|item.?3\y"
QIDS,Q4: Hypersomnia,\yQIDS\y,"hypersomnia|sleeping too much|Q.?4\y|item.?4\y"
QIDS,Q5: Feeling sad,\yQIDS\y,"feeling sad|sad mood|Q.?5\y|item.?5\y"
QIDS,Q6: Decreased appetite,\yQIDS\y,"decreased appetite|appetite.*decreas|Q.?6\y|item.?6\y"
QIDS,Q7: Increased appetite,\yQIDS\y,"increased appetite|appetite.*increas|Q.?7\y|item.?7\y"
QIDS,Q8: Decreased weight,\yQIDS\y,"decreased weight|weight.*decreas|weight.*loss|Q.?8\y|item.?8\y"
QIDS,Q9: Increased weight,\yQIDS\y,"increased weight|weight.*increas|weight.*gain|Q.?9\y|item.?9\y"
QIDS,Q10: Concentration/decision making,\yQIDS\y,"concentrat|decision|Q.?10\y|item.?10\y"
QIDS,Q11: Self-criticism/self-outlook,\yQIDS\y,"self.?criticism|self.?outlook|view of myself|Q.?11\y|item.?11\y"
QIDS,Q12: Suicidal ideation,\yQIDS\y,"suicid|death|Q.?12\y|item.?12\y"
QIDS,Q13: General interest,\yQIDS\y,"general interest|Q.?13\y|item.?13\y"
QIDS,Q14: Energy/fatigability,\yQIDS\y,"energy|fatigu|Q.?14\y|item.?14\y"
QIDS,Q15: Psychomotor slowing,\yQIDS\y,"psychomotor slow|slowed down|Q.?15\y|item.?15\y"
QIDS,Q16: Psychomotor agitation,\yQIDS\y,"psychomotor agitat|restless|Q.?16\y|item.?16\y"
MSE,Appearance,mental.?status.?exam,appearance
MSE,Behavior,mental.?status.?exam,"behavior|behaviour"
MSE,Speech,mental.?status.?exam,speech
MSE,Mood,mental.?status.?exam,mood
MSE,Affect,mental.?status.?exam,affect
MSE,Thought Process,mental.?status.?exam,thought process
MSE,Thought Content,mental.?status.?exam,thought content
MSE,Perception,mental.?status.?exam,perception
MSE,Cognition,mental.?status.?exam,cognition
MSE,Insight,mental.?status.?exam,insight
MSE,Judgment,mental.?status.?exam,"judgment|judgement"
ANSA,Life Domain Functioning,"\yANSA\y|adult needs.*strength","life domain|living situation|employment|education|social function|legal|self.?care"
ANSA,Behavioral/Emotional Needs,"\yANSA\y|adult needs.*strength","behavioral|emotional need|psychosis|impulse|depression|anxiety|mania|interpersonal"
ANSA,Risk Behaviors,"\yANSA\y|adult needs.*strength","risk behav|danger to self|danger to other|self.?harm|suicide.*risk"
ANSA,Strengths,"\yANSA\y|adult needs.*strength","strength|family.*strength|interpersonal.*strength|coping|spiritual|talent|educational.*strength|vocational.*strength"
ANSA,Substance Use,"\yANSA\y|adult needs.*strength","substance|alcohol|drug"
ANSA,Trauma,"\yANSA\y|adult needs.*strength","trauma|abuse|neglect|PTSD"
BASIS-24,Total Score,BASIS.?24,"total|sum|overall|composite"
BASIS-24,Depression/Functioning Subscale,BASIS.?24,"depression.*function|function.*subscale"
BASIS-24,Interpersonal Relationships Subscale,BASIS.?24,"interpersonal|relationship.*subscale"
BASIS-24,Self-Harm Subscale,BASIS.?24,"self.?harm.*sub|self.?harm.*scale"
BASIS-24,Emotional Lability Subscale,BASIS.?24,"emotional labil|lability.*sub"
BASIS-24,Psychosis Subscale,BASIS.?24,"psychosis.*sub|psychosis.*scale"
BASIS-24,Substance Abuse Subscale,BASIS.?24,"substance.*sub|substance.*scale"
BASIS-24,Q1: Managing day to day life,BASIS.?24,"day to day|managing|Q.?1\y|item.?1\y"
BASIS-24,Q2: Household responsibilities,BASIS.?24,"household|Q.?2\y|item.?2\y"
BASIS-24,Q3: Work/school,BASIS.?24,"work|school|Q.?3\y|item.?3\y"
BASIS-24,Q4: Concentration,BASIS.?24,"concentrat|Q.?4\y|item.?4\y"
BASIS-24,Q5: Enjoying activities,BASIS.?24,"enjoy|Q.?5\y|item.?5\y"
BASIS-24,Q6-Q9: Relationship items,BASIS.?24,"relationship|close to other|social|relating|Q.?[6-9]\y|item.?[6-9]\y"
BASIS-24,Q10-Q12: Depression items,BASIS.?24,"depression|hopeless|worthless|Q.?1[0-2]\y|item.?1[0-2]\y"
BASIS-24,Q13-Q14: Self-harm items,BASIS.?24,"self.?harm|suicid|hurting|Q.?1[3-4]\y|item.?1[3-4]\y"
BASIS-24,Q15-Q16: Emotional lability items,BASIS.?24,"emotional|impuls|Q.?1[5-6]\y|item.?1[5-6]\y"
BASIS-24,Q17-Q18: Psychosis items,BASIS.?24,"psychos|hear.*voice|paranoi|Q.?1[7-8]\y|item.?1[7-8]\y"
BASIS-24,Q19-Q24: Substance items,BASIS.?24,"substance|alcohol|drug|Q.?(19|2[0-4])\y|item.?(19|2[0-4])\y"
PSQ,Total Score,\yPSQ\y,"total|sum|overall|composite"
PSQ,Q1,\yPSQ\y,"Q.?1\y|item.?1\y|question.?1\y"
PSQ,Q2,\yPSQ\y,"Q.?2\y|item.?2\y|question.?2\y"
PSQ,Q3,\yPSQ\y,"Q.?3\y|item.?3\y|question.?3\y"
PSQ,Q4,\yPSQ\y,"Q.?4\y|item.?4\y|question.?4\y"
PSQ,Q5,\yPSQ\y,"Q.?5\y|item.?5\y|question.?5\y"
PSQ,Q6,\yPSQ\y,"Q.?6\y|item.?6\y|question.?6\y"
PSQ,Q7,\yPSQ\y,"Q.?7\y|item.?7\y|question.?7\y"
PSQ,Q8,\yPSQ\y,"Q.?8\y|item.?8\y|question.?8\y"
PSQ,Q9,\yPSQ\y,"Q.?9\y|item.?9\y|question.?9\y"
PSQ,Q10,\yPSQ\y,"Q.?10\y|item.?10\y|question.?10\y"
PSE-17,Total Score,PSE.?17,"total|sum|overall|composite"
PSE-17,Q1,PSE.?17,"Q.?1\y|item.?1\y|question.?1\y"
PSE-17,Q2,PSE.?17,"Q.?2\y|item.?2\y|question.?2\y"
PSE-17,Q3,PSE.?17,"Q.?3\y|item.?3\y|question.?3\y"
PSE-17,Q4,PSE.?17,"Q.?4\y|item.?4\y|question.?4\y"
PSE-17,Q5,PSE.?17,"Q.?5\y|item.?5\y|question.?5\y"
PSE-17,Q6,PSE.?17,"Q.?6\y|item.?6\y|question.?6\y"
PSE-17,Q7,PSE.?17,"Q.?7\y|item.?7\y|question.?7\y"
PSE-17,Q8,PSE.?17,"Q.?8\y|item.?8\y|question.?8\y"
PSE-17,Q9,PSE.?17,"Q.?9\y|item.?9\y|question.?9\y"
PSE-17,Q10,PSE.?17,"Q.?10\y|item.?10\y|question.?10\y"
PSE-17,Q11,PSE.?17,"Q.?11\y|item.?11\y|question.?11\y"
PSE-17,Q12,PSE.?17,"Q.?12\y|item.?12\y|question.?12\y"
PSE-17,Q13,PSE.?17,"Q.?13\y|item.?13\y|question.?13\y"
PSE-17,Q14,PSE.?17,"Q.?14\y|item.?14\y|question.?14\y"
PSE-17,Q15,PSE.?17,"Q.?15\y|item.?15\y|question.?15\y"
PSE-17,Q16,PSE.?17,"Q.?16\y|item.?16\y|question.?16\y"
PSE-17,Q17,PSE.?17,"Q.?17\y|item.?17\y|question.?17\y"
Pain,Numeric Rating Scale (NRS),"pain.*(scale|score|rating|intensity)|numeric.*pain|visual.*analo.*pain|brief pain inv|wong.?baker","numeric|NRS|\y0.?10\y"
Pain,Visual Analog Scale (VAS),"pain.*(scale|score|rating|intensity)|numeric.*pain|visual.*analo.*pain|brief pain inv|wong.?baker","visual.*analog|VAS"
Pain,Brief Pain Inventory,"pain.*(scale|score|rating|intensity)|numeric.*pain|visual.*analo.*pain|brief pain inv|wong.?baker","brief pain inv|BPI"
Pain,Wong-Baker FACES,"pain.*(scale|score|rating|intensity)|numeric.*pain|visual.*analo.*pain|brief pain inv|wong.?baker","wong.?baker|FACES"
Pain,Pain Severity,"pain.*(scale|score|rating|intensity)|numeric.*pain|visual.*analo.*pain|brief pain inv|wong.?baker","severity|worst|least|average|current.*pain"
Pain,Pain Interference,"pain.*(scale|score|rating|intensity)|numeric.*pain|visual.*analo.*pain|brief pain inv|wong.?baker","interference|function|activit|mood|walking|work|relation|sleep|enjoyment"
